{"project_name": "Twitter Sentiment Analysis", "class_id": "com-snaplogic-export-project", "entries": [{"link_serial": 121, "scrub_version": "48f99abcdf450e7c49a04015355fb699f785e8cbf8288d894686a64c6caeddd1", "update_user_id": "jumpthanawut@snaplogic.com", "class_fqid": "com-snaplogic-pipeline_9", "target_runtime": "standard", "create_time": {"$date": 1558465525188}, "snode_id": "5ce44bf5a9206603464429c7", "org_snode_id": "58865f13a87b6d3e560d8374", "migrate_version": "master-5335", "create_user_id": "jumpthanawut@snaplogic.com", "project_snode_id": "5c6eed089b085f03f2f7f8ac", "property_map": {"info": {"notes": {"value": null}, "author": {"value": "jumpthanawut@snaplogic.com"}, "purpose": {"value": null}, "pipeline_doc_uri": {"value": null}, "label": {"value": "Twitter - 2 - Build model"}}, "input": {}, "settings": {"imports": {"value": []}, "error_param_table": {"value": []}, "error_pipeline": {"expression": false, "value": null}, "param_table": {"value": []}}, "instance_version": 1, "error": {"error_behavior": {"value": "none"}}, "output": {}}, "class_version": 9, "instance_fqid": "1b185663-7be2-4c83-86a3-0134ae124d0c_2", "link_map": {"link113": {"src_view_id": "output0", "dst_view_id": "input0", "src_id": "ace87fe6-2733-446f-bad7-444355eb6b05", "dst_id": "f1e9676e-2979-41aa-aa97-75c5cdcd6e8d"}, "link115": {"src_view_id": "output0", "dst_view_id": "input0", "src_id": "411323b4-3a5e-4497-b80e-462cf2cf2d2b", "dst_id": "90b4f9c6-a701-4e2e-a0e5-e37346dab2f0"}, "link114": {"src_view_id": "output101", "dst_view_id": "input0", "src_id": "411323b4-3a5e-4497-b80e-462cf2cf2d2b", "dst_id": "ace87fe6-2733-446f-bad7-444355eb6b05"}, "link117": {"src_view_id": "output0", "dst_view_id": "input0", "src_id": "08752827-2367-4c01-aa69-a2bb80422d74", "dst_id": "68c7c937-9e7e-4fed-9890-5cfd1fe4b574"}, "link116": {"src_view_id": "output102", "dst_view_id": "input0", "src_id": "411323b4-3a5e-4497-b80e-462cf2cf2d2b", "dst_id": "08752827-2367-4c01-aa69-a2bb80422d74"}, "link106": {"src_view_id": "output0", "dst_view_id": "input0", "src_id": "83a7a367-9434-45a1-a571-3360e70a7d60", "dst_id": "1b6fedb4-68bd-4fcb-a8a9-fb993c69f730"}, "link105": {"src_view_id": "output0", "dst_view_id": "input0", "src_id": "90b4f9c6-a701-4e2e-a0e5-e37346dab2f0", "dst_id": "83a7a367-9434-45a1-a571-3360e70a7d60"}, "link102": {"src_view_id": "output0", "dst_view_id": "input0", "src_id": "b2784b41-da2c-4189-8478-34f57c4630c6", "dst_id": "41215527-dc84-49ad-b602-551596b50a4f"}, "link101": {"src_view_id": "output0", "dst_view_id": "input0", "src_id": "41215527-dc84-49ad-b602-551596b50a4f", "dst_id": "5a706567-ae18-4bae-9eaf-6c9e5c52745a"}, "link120": {"src_view_id": "output0", "dst_view_id": "input0", "src_id": "5a706567-ae18-4bae-9eaf-6c9e5c52745a", "dst_id": "411323b4-3a5e-4497-b80e-462cf2cf2d2b"}}, "update_time": {"$date": 1558536119722}, "partition_snode_id": "5badcb6e4dd5a80021536f2d", "path_id": "/SLPROD/ML_PROD/Twitter Sentiment Analysis", "snap_map": {"411323b4-3a5e-4497-b80e-462cf2cf2d2b": {"instance_version": 1, "class_id": "com-snaplogic-snaps-mlcore-automl", "class_build_tag": "snapsmrc508", "class_fqid": "com-snaplogic-snaps-mlcore-automl_1-snapsmrc508", "instance_id": "411323b4-3a5e-4497-b80e-462cf2cf2d2b", "property_map": {"info": {"notes": {"value": null}, "label": {"value": "AutoML"}}, "view_serial": 102, "input": {"input0": {"view_type": {"value": "document"}, "label": {"value": "input0"}}}, "settings": {"execution_mode": {"value": "Validate & Execute"}, "labelFieldJsonPath": {"value": "$sentiment"}, "foldExpression": {"expression": false, "value": 5}, "algorithmsExpression": {"expression": false, "value": "Standard,Tree,XGBoost,NN"}, "modelLimitExpression": {"expression": false, "value": 10}, "repTitleExp": {"expression": false, "value": null}, "engineExpression": {"expression": false, "value": "H2O"}, "applySeed": {"value": true}, "isReadable": {"value": true}, "seedExpression": {"expression": false, "value": 12345}, "timeLimitExpression": {"expression": false, "value": 36000}}, "error": {"error0": {"view_type": {"value": "document"}, "label": {"value": "error0"}}, "error_behavior": {"value": "fail"}}, "output": {"output0": {"view_type": {"value": "document"}, "label": {"value": "output0"}}, "output101": {"label": {"value": "output1"}, "view_type": {"value": "document"}}, "output102": {"view_type": {"value": "document"}, "label": {"value": "output2"}}}}, "class_version": 1, "instance_fqid": "411323b4-3a5e-4497-b80e-462cf2cf2d2b_1"}, "f1e9676e-2979-41aa-aa97-75c5cdcd6e8d": {"instance_version": 1, "class_id": "com-snaplogic-snaps-binary-write", "class_build_tag": "snapsmrc508", "class_fqid": "com-snaplogic-snaps-binary-write_3-snapsmrc508", "instance_id": "f1e9676e-2979-41aa-aa97-75c5cdcd6e8d", "property_map": {"info": {"notes": {"value": null}, "label": {"value": "Write Leaderboard"}}, "view_serial": 100, "account": {"account_ref": {"expression": false, "value": {}}}, "settings": {"createDir": {"value": false}, "retries": {"value": 0}, "execution_mode": {"value": "Execute only"}, "flushIntervalKb": {"value": -1}, "writeHeader": {"value": false}, "executable_during_suggest": {"value": false}, "filename": {"expression": false, "value": "twitter_leaderboard.csv"}, "writeEmptyFile": {"value": false}, "UserPermissionsKey": {"value": []}, "validate": {"value": false}, "fileAction": {"value": "OVERWRITE"}}, "error": {"error0": {"view_type": {"value": "document"}, "label": {"value": "error0"}}, "error_behavior": {"value": "fail"}}, "input": {"input0": {"view_type": {"value": "binary"}, "label": {"value": "input0"}}}}, "class_version": 3, "instance_fqid": "f1e9676e-2979-41aa-aa97-75c5cdcd6e8d_1"}, "ace87fe6-2733-446f-bad7-444355eb6b05": {"instance_id": "ace87fe6-2733-446f-bad7-444355eb6b05", "class_id": "com-snaplogic-snaps-transform-csvformatter", "class_build_tag": "snapsmrc508", "class_fqid": "com-snaplogic-snaps-transform-csvformatter_3-snapsmrc508", "instance_version": 1, "property_map": {"info": {"notes": {"value": null}, "label": {"value": "CSV Formatter"}}, "view_serial": 100, "input": {"input0": {"view_type": {"value": "document"}, "label": {"value": "input0"}}}, "settings": {"quoteMode": {"value": "ALL"}, "quoteCharacter": {"expression": false, "value": null}, "writeHeader": {"value": true}, "userDefinedHeader": {"value": []}, "charset": {"value": "UTF-8"}, "ignoreEmptyStream": {"value": false}, "writeBOM": {"value": false}, "delimiter": {"expression": false, "value": ","}, "newlineCharacter": {"value": "LF"}, "useDefinedHeader": {"value": false}, "outputHeader": {"value": [{"expression": {"expression": true, "value": null}, "targetPath": {"value": null}}]}}, "error": {"error0": {"view_type": {"value": "document"}, "label": {"value": "error0"}}, "error_behavior": {"value": "fail"}}, "output": {"output0": {"view_type": {"value": "binary"}, "label": {"value": "output0"}}}}, "class_version": 3, "instance_fqid": "ace87fe6-2733-446f-bad7-444355eb6b05_1"}, "68c7c937-9e7e-4fed-9890-5cfd1fe4b574": {"instance_id": "68c7c937-9e7e-4fed-9890-5cfd1fe4b574", "class_id": "com-snaplogic-snaps-binary-write", "class_build_tag": "snapsmrc508", "class_fqid": "com-snaplogic-snaps-binary-write_3-snapsmrc508", "instance_version": 1, "property_map": {"info": {"notes": {"value": null}, "label": {"value": "Write Report"}}, "view_serial": 100, "account": {"account_ref": {"expression": false, "value": {}}}, "settings": {"createDir": {"value": false}, "retries": {"expression": false, "value": 0}, "execution_mode": {"value": "Execute only"}, "retryInterval": {"expression": false, "value": 1}, "flushIntervalKb": {"value": -1}, "writeHeader": {"value": false}, "executable_during_suggest": {"value": false}, "filename": {"expression": false, "value": "twitter_automl_report.html"}, "writeEmptyFile": {"value": false}, "UserPermissionsKey": {"value": []}, "validate": {"value": false}, "fileAction": {"value": "OVERWRITE"}}, "error": {"error0": {"view_type": {"value": "document"}, "label": {"value": "error0"}}, "error_behavior": {"value": "fail"}}, "input": {"input0": {"view_type": {"value": "binary"}, "label": {"value": "input0"}}}}, "class_version": 3, "instance_fqid": "68c7c937-9e7e-4fed-9890-5cfd1fe4b574_1"}, "b2784b41-da2c-4189-8478-34f57c4630c6": {"instance_version": 2, "class_id": "com-snaplogic-snaps-binary-simpleread", "class_build_tag": "snapsmrc508", "class_fqid": "com-snaplogic-snaps-binary-simpleread_1-snapsmrc508", "instance_id": "b2784b41-da2c-4189-8478-34f57c4630c6", "property_map": {"info": {"notes": {"value": null}, "label": {"value": "Read Processed Dataset"}}, "view_serial": 100, "account": {"account_ref": {"expression": false, "value": {}}}, "settings": {"retryInterval": {"expression": false, "value": 1}, "retries": {"expression": false, "value": 0}, "execution_mode": {"value": "Validate & Execute"}, "filePath": {"expression": false, "value": "twitter_processed.json"}, "enableStaging": {"value": false}, "executeDuringPreview": {"value": true}, "preventURLEncoding": {"value": false}}, "error": {"error0": {"view_type": {"value": "document"}, "label": {"value": "error0"}}, "error_behavior": {"value": "fail"}}, "output": {"output0": {"view_type": {"value": "binary"}, "label": {"value": "output0"}}}}, "class_version": 1, "instance_fqid": "b2784b41-da2c-4189-8478-34f57c4630c6_2"}, "1b6fedb4-68bd-4fcb-a8a9-fb993c69f730": {"instance_version": 1, "class_id": "com-snaplogic-snaps-binary-write", "class_build_tag": "snapsmrc508", "class_fqid": "com-snaplogic-snaps-binary-write_3-snapsmrc508", "instance_id": "1b6fedb4-68bd-4fcb-a8a9-fb993c69f730", "property_map": {"info": {"notes": {"value": null}, "label": {"value": "Write Model"}}, "view_serial": 100, "account": {"account_ref": {"expression": false, "value": {}}}, "settings": {"createDir": {"value": false}, "retries": {"value": 0}, "execution_mode": {"value": "Execute only"}, "flushIntervalKb": {"value": -1}, "writeHeader": {"value": false}, "executable_during_suggest": {"value": false}, "filename": {"expression": false, "value": "twitter_model.json"}, "writeEmptyFile": {"value": false}, "UserPermissionsKey": {"value": []}, "validate": {"value": false}, "fileAction": {"value": "OVERWRITE"}}, "error": {"error0": {"label": {"value": "error0"}, "view_type": {"value": "document"}}, "error_behavior": {"value": "fail"}}, "input": {"input0": {"label": {"value": "input0"}, "view_type": {"value": "binary"}}}}, "class_version": 3, "instance_fqid": "1b6fedb4-68bd-4fcb-a8a9-fb993c69f730_1"}, "41215527-dc84-49ad-b602-551596b50a4f": {"instance_id": "41215527-dc84-49ad-b602-551596b50a4f", "class_id": "com-snaplogic-snaps-binary-decompress", "class_build_tag": "snapsmrc508", "class_fqid": "com-snaplogic-snaps-binary-decompress_1-snapsmrc508", "instance_version": 1, "property_map": {"info": {"label": {"value": "Decompress"}}, "view_serial": 100, "input": {"input0": {"view_type": {"value": "binary"}, "label": {"value": "input0"}}}, "settings": {"scheme": {"value": "AUTO"}}, "error": {"error0": {"view_type": {"value": "binary"}, "label": {"value": "error0"}}, "error_behavior": {"value": "fail"}}, "output": {"output0": {"view_type": {"value": "binary"}, "label": {"value": "output0"}}}}, "class_version": 1, "instance_fqid": "41215527-dc84-49ad-b602-551596b50a4f_1"}, "5a706567-ae18-4bae-9eaf-6c9e5c52745a": {"instance_version": 1, "class_id": "com-snaplogic-snaps-transform-jsonparser", "class_build_tag": "snapsmrc508", "class_fqid": "com-snaplogic-snaps-transform-jsonparser_1-snapsmrc508", "instance_id": "5a706567-ae18-4bae-9eaf-6c9e5c52745a", "property_map": {"info": {"label": {"value": "JSON Parser"}}, "view_serial": 100, "input": {"input0": {"label": {"value": "input0"}, "view_type": {"value": "binary"}}}, "settings": {"allowNonStandardJson": {"value": true}, "arrayElementsAsDocuments": {"value": true}, "jsonFilterPath": {"value": ""}}, "error": {"error0": {"label": {"value": "error0"}, "view_type": {"value": "document"}}, "error_behavior": {"value": "fail"}}, "output": {"output0": {"label": {"value": "output0"}, "view_type": {"value": "document"}}}}, "class_version": 1, "instance_fqid": "5a706567-ae18-4bae-9eaf-6c9e5c52745a_1"}, "90b4f9c6-a701-4e2e-a0e5-e37346dab2f0": {"instance_version": 1, "class_id": "com-snaplogic-snaps-transform-jsonformatter", "class_build_tag": "snapsmrc508", "class_fqid": "com-snaplogic-snaps-transform-jsonformatter_2-snapsmrc508", "instance_id": "90b4f9c6-a701-4e2e-a0e5-e37346dab2f0", "property_map": {"info": {"label": {"value": "JSON Formatter"}}, "view_serial": 100, "input": {"input0": {"label": {"value": "input0"}, "view_type": {"value": "document"}}}, "settings": {"prettyPrint": {"value": false}, "contentPath": {"value": "$"}, "jsonLines": {"value": false}, "ignoreEmptyStream": {"value": false}, "header": {"value": [{"expression": {"expression": true, "value": ""}}]}, "formatSingleDocument": {"value": false}}, "error": {"error0": {"label": {"value": "error0"}, "view_type": {"value": "binary"}}, "error_behavior": {"value": "fail"}}, "output": {"output0": {"label": {"value": "output0"}, "view_type": {"value": "binary"}}}}, "class_version": 2, "instance_fqid": "90b4f9c6-a701-4e2e-a0e5-e37346dab2f0_1"}, "08752827-2367-4c01-aa69-a2bb80422d74": {"instance_id": "08752827-2367-4c01-aa69-a2bb80422d74", "class_id": "com-snaplogic-snaps-transform-documenttobinary", "class_build_tag": "snapsmrc515", "class_fqid": "com-snaplogic-snaps-transform-documenttobinary_1-snapsmrc515", "instance_version": 1, "property_map": {"info": {"notes": {"value": null}, "label": {"value": "Document to Binary"}}, "view_serial": 100, "input": {"input0": {"view_type": {"value": "document"}, "label": {"value": "input0"}}}, "settings": {"execution_mode": {"value": "Validate & Execute"}, "binaryHeaderProps": {"value": []}, "codec": {"value": "NONE"}}, "error": {"error0": {"view_type": {"value": "document"}, "label": {"value": "error0"}}, "error_behavior": {"value": "fail"}}, "output": {"output0": {"view_type": {"value": "binary"}, "label": {"value": "output0"}}}}, "class_version": 1, "instance_fqid": "08752827-2367-4c01-aa69-a2bb80422d74_1"}, "83a7a367-9434-45a1-a571-3360e70a7d60": {"instance_version": 1, "class_id": "com-snaplogic-snaps-binary-compress", "class_build_tag": "snapsmrc508", "class_fqid": "com-snaplogic-snaps-binary-compress_1-snapsmrc508", "instance_id": "83a7a367-9434-45a1-a571-3360e70a7d60", "property_map": {"info": {"label": {"value": "Compress"}}, "view_serial": 100, "input": {"input0": {"label": {"value": "input0"}, "view_type": {"value": "binary"}}}, "settings": {"scheme": {"value": "GZIP"}}, "error": {"error0": {"label": {"value": "error0"}, "view_type": {"value": "binary"}}, "error_behavior": {"value": "fail"}}, "output": {"output0": {"label": {"value": "output0"}, "view_type": {"value": "binary"}}}}, "class_version": 1, "instance_fqid": "83a7a367-9434-45a1-a571-3360e70a7d60_1"}}, "path": "/SLPROD/ML_PROD/Twitter Sentiment Analysis/Twitter - 2 - Build model", "instance_version": 2, "scrub_backup": [], "name": "Twitter - 2 - Build model", "class_id": "com-snaplogic-pipeline", "render_map": {"pan_x_num": 0, "default_snaplex": "5bf6ce22bba1200cd6860851", "scale_ratio": 1, "detail_map": {"411323b4-3a5e-4497-b80e-462cf2cf2d2b": {"grid_x_int": 4, "index": null, "recommendation_id": null, "output": {"output101": {"dx_int": 0, "rot_int": 0, "dy_int": 1}, "output102": {"dx_int": 0, "rot_int": 0, "dy_int": 2}}, "source": "snap catagory", "grid_y_int": 1, "rot_tail_int": 0, "error": {}, "input": {}, "rot_int": 0}, "f1e9676e-2979-41aa-aa97-75c5cdcd6e8d": {"grid_x_int": 6, "input": {}, "index": 1, "recommendation_id": "ee34468f-bb6e-490b-9e06-be192d5a950d_0", "source": "iris panel", "grid_y_int": 2, "rot_tail_int": 0, "error": {}, "output": {}, "rot_int": 0}, "ace87fe6-2733-446f-bad7-444355eb6b05": {"grid_x_int": 5, "input": {}, "index": null, "recommendation_id": null, "source": "snap catagory", "grid_y_int": 2, "rot_tail_int": 0, "error": {}, "output": {}, "rot_int": 0}, "68c7c937-9e7e-4fed-9890-5cfd1fe4b574": {"grid_x_int": 6, "input": {}, "index": null, "recommendation_id": null, "source": "", "grid_y_int": 3, "rot_tail_int": 0, "error": {}, "output": {}, "rot_int": 0}, "b2784b41-da2c-4189-8478-34f57c4630c6": {"grid_x_int": 1, "index": null, "recommendation_id": null, "source": "snap catagory", "grid_y_int": 1, "rot_tail_int": 0, "rot_int": 0}, "1b6fedb4-68bd-4fcb-a8a9-fb993c69f730": {"grid_x_int": 7, "input": {}, "index": 0, "recommendation_id": "d62e7f36-932f-415e-9453-7f621d6abe3c_0", "source": "iris placeholder", "grid_y_int": 1, "rot_tail_int": 0, "error": {}, "output": {}, "rot_int": 0}, "41215527-dc84-49ad-b602-551596b50a4f": {"grid_x_int": 2, "input": {}, "index": null, "recommendation_id": null, "source": "snap catagory", "grid_y_int": 1, "rot_tail_int": 0, "error": {}, "output": {}, "rot_int": 0}, "5a706567-ae18-4bae-9eaf-6c9e5c52745a": {"grid_x_int": 3, "input": {}, "index": 1, "recommendation_id": "6acd0b62-d1f6-4f6f-a0c8-93b81806f5b3_0", "source": "iris panel", "grid_y_int": 1, "rot_tail_int": 0, "error": {}, "output": {}, "rot_int": 0}, "90b4f9c6-a701-4e2e-a0e5-e37346dab2f0": {"grid_x_int": 5, "input": {}, "index": null, "recommendation_id": null, "source": "snap catagory", "grid_y_int": 1, "rot_tail_int": 0, "error": {}, "output": {}, "rot_int": 0}, "08752827-2367-4c01-aa69-a2bb80422d74": {"grid_x_int": 5, "input": {}, "index": null, "recommendation_id": null, "source": "snap catagory", "grid_y_int": 3, "rot_tail_int": 0, "error": {}, "output": {}, "rot_int": 0}, "83a7a367-9434-45a1-a571-3360e70a7d60": {"grid_x_int": 6, "input": {}, "index": null, "recommendation_id": null, "source": "snap catagory", "grid_y_int": 1, "rot_tail_int": 0, "error": {}, "output": {}, "rot_int": 0}}, "pan_y_num": 0}, "org_id": "58865f13a87b6d3e560d8374", "instance_id": "1b185663-7be2-4c83-86a3-0134ae124d0c"}, {"link_serial": 134, "scrub_version": "48f99abcdf450e7c49a04015355fb699f785e8cbf8288d894686a64c6caeddd1", "update_user_id": "jumpthanawut@snaplogic.com", "class_fqid": "com-snaplogic-pipeline_9", "target_runtime": "standard", "class_version": 9, "snode_id": "5ce44bfbbba12001cdc8b806", "org_snode_id": "58865f13a87b6d3e560d8374", "migrate_version": "master-5335", "create_user_id": "jumpthanawut@snaplogic.com", "project_snode_id": "5c6eed089b085f03f2f7f8ac", "property_map": {"info": {"notes": {"value": null}, "author": {"value": "jumpthanawut@snaplogic.com"}, "purpose": {"value": null}, "pipeline_doc_uri": {"value": null}, "label": {"value": "Twitter - 1 - Data preparation"}}, "input": {}, "error": {"error_behavior": {"value": "none"}}, "output": {}, "settings": {"imports": {"value": []}, "error_param_table": {"value": []}, "error_pipeline": {"expression": false, "value": null}, "param_table": {"value": []}}}, "instance_version": 1, "instance_fqid": "4da25f8f-8aa3-4bb5-b130-e741285446ff_1", "link_map": {"link111": {"src_view_id": "output1", "dst_view_id": "input0", "src_id": "170bd40c-b33f-41c5-b6bf-dc71bf06232c", "dst_id": "17c7ad01-98e6-443d-ad79-35d53606f1f2"}, "link125": {"src_view_id": "output0", "dst_view_id": "input0", "src_id": "03059123-6d45-48de-a1ee-a80c738cfa66", "dst_id": "23f53275-dd8c-4333-9a9e-c65d1e0ac126"}, "link126": {"src_view_id": "output0", "dst_view_id": "input0", "src_id": "ee55c99b-7f1f-46b5-a804-2c1676a80b95", "dst_id": "626af326-d04e-497f-bffd-160e0dbf32ec"}, "link112": {"src_view_id": "output0", "dst_view_id": "input1", "src_id": "8a115143-9133-4b9e-9523-b4156fda5f55", "dst_id": "b835553f-e3dd-4f04-a566-a03f63edb9bd"}, "link115": {"src_view_id": "output0", "dst_view_id": "input0", "src_id": "170bd40c-b33f-41c5-b6bf-dc71bf06232c", "dst_id": "b835553f-e3dd-4f04-a566-a03f63edb9bd"}, "link108": {"src_view_id": "output0", "dst_view_id": "input0", "src_id": "17c7ad01-98e6-443d-ad79-35d53606f1f2", "dst_id": "8a115143-9133-4b9e-9523-b4156fda5f55"}, "link117": {"src_view_id": "output0", "dst_view_id": "input0", "src_id": "df546df3-4010-4c05-b9ff-49ef17d3c7e1", "dst_id": "ba60a5c4-647c-4b40-864a-8ad02389e531"}, "link130": {"src_view_id": "output0", "dst_view_id": "input0", "src_id": "b835553f-e3dd-4f04-a566-a03f63edb9bd", "dst_id": "ee55c99b-7f1f-46b5-a804-2c1676a80b95"}, "link106": {"src_view_id": "output0", "dst_view_id": "input0", "src_id": "194a881c-820b-4cc1-bb32-98725498cbd9", "dst_id": "170bd40c-b33f-41c5-b6bf-dc71bf06232c"}, "link118": {"src_view_id": "output0", "dst_view_id": "input0", "src_id": "626af326-d04e-497f-bffd-160e0dbf32ec", "dst_id": "df546df3-4010-4c05-b9ff-49ef17d3c7e1"}, "link104": {"src_view_id": "output1", "dst_view_id": "input0", "src_id": "8a115143-9133-4b9e-9523-b4156fda5f55", "dst_id": "63b278ee-0720-4ea6-a380-52b4d067ed10"}, "link103": {"src_view_id": "output0", "dst_view_id": "input0", "src_id": "63b278ee-0720-4ea6-a380-52b4d067ed10", "dst_id": "d498a76f-97d2-4165-8a9e-f972c7e6e925"}, "link100": {"src_view_id": "output0", "dst_view_id": "input0", "src_id": "f1a38465-b5b6-4bf8-90d3-fb15f0936598", "dst_id": "03059123-6d45-48de-a1ee-a80c738cfa66"}, "link133": {"src_view_id": "output0", "dst_view_id": "input0", "src_id": "23f53275-dd8c-4333-9a9e-c65d1e0ac126", "dst_id": "194a881c-820b-4cc1-bb32-98725498cbd9"}}, "update_time": {"$date": 1558465531271}, "partition_snode_id": "5badcb6e4dd5a80021536f2d", "path_id": "/SLPROD/ML_PROD/Twitter Sentiment Analysis", "snap_map": {"b835553f-e3dd-4f04-a566-a03f63edb9bd": {"instance_version": 1, "class_id": "com-snaplogic-snaps-mlnlp-bagofwords", "class_build_tag": "UNKNOWN", "class_fqid": "com-snaplogic-snaps-mlnlp-bagofwords_1-UNKNOWN", "instance_id": "b835553f-e3dd-4f04-a566-a03f63edb9bd", "property_map": {"info": {"notes": {"value": null}, "label": {"value": "Bag of Words"}}, "view_serial": 100, "input": {"input0": {"view_type": {"value": "document"}, "label": {"value": "Data"}}, "input1": {"view_type": {"value": "document"}, "label": {"value": "Common Words"}}}, "settings": {"tokensFieldPath": {"value": "$text"}}, "error": {"error0": {"view_type": {"value": "document"}, "label": {"value": "error0"}}, "error_behavior": {"value": "fail"}}, "output": {"output0": {"view_type": {"value": "document"}, "label": {"value": "output0"}}}}, "class_version": 1, "instance_fqid": "b835553f-e3dd-4f04-a566-a03f63edb9bd_1"}, "63b278ee-0720-4ea6-a380-52b4d067ed10": {"instance_version": 1, "class_id": "com-snaplogic-snaps-transform-jsonformatter", "class_build_tag": "UNKNOWN", "class_fqid": "com-snaplogic-snaps-transform-jsonformatter_2-UNKNOWN", "instance_id": "63b278ee-0720-4ea6-a380-52b4d067ed10", "property_map": {"info": {"notes": {"value": null}, "label": {"value": "JSON Formatter"}}, "view_serial": 100, "input": {"input0": {"view_type": {"value": "document"}, "label": {"value": "input0"}}}, "settings": {"prettyPrint": {"value": false}, "contentPath": {"value": "$"}, "jsonLines": {"value": false}, "ignoreEmptyStream": {"value": false}, "header": {"value": [{"targetPath": {"value": null}, "expression": {"expression": true, "value": null}}]}, "formatSingleDocument": {"value": false}, "schema": {"expression": false, "value": null}}, "error": {"error0": {"view_type": {"value": "binary"}, "label": {"value": "error0"}}, "error_behavior": {"value": "fail"}}, "output": {"output0": {"view_type": {"value": "binary"}, "label": {"value": "output0"}}}}, "class_version": 2, "instance_fqid": "63b278ee-0720-4ea6-a380-52b4d067ed10_1"}, "ba60a5c4-647c-4b40-864a-8ad02389e531": {"instance_version": 1, "class_id": "com-snaplogic-snaps-binary-write", "class_build_tag": "UNKNOWN", "class_fqid": "com-snaplogic-snaps-binary-write_3-UNKNOWN", "instance_id": "ba60a5c4-647c-4b40-864a-8ad02389e531", "property_map": {"info": {"notes": {"value": null}, "label": {"value": "Write Processed Dataset"}}, "view_serial": 100, "account": {"account_ref": {"expression": false, "value": {}}}, "settings": {"createDir": {"value": false}, "retries": {"value": 0}, "execution_mode": {"value": "Execute only"}, "flushIntervalKb": {"value": -1}, "writeHeader": {"value": false}, "executable_during_suggest": {"value": false}, "filename": {"expression": false, "value": "twitter_processed.json"}, "writeEmptyFile": {"value": false}, "UserPermissionsKey": {"value": []}, "validate": {"value": false}, "fileAction": {"value": "OVERWRITE"}}, "error": {"error0": {"view_type": {"value": "document"}, "label": {"value": "error0"}}, "error_behavior": {"value": "fail"}}, "input": {"input0": {"view_type": {"value": "binary"}, "label": {"value": "input0"}}}}, "class_version": 3, "instance_fqid": "ba60a5c4-647c-4b40-864a-8ad02389e531_1"}, "d498a76f-97d2-4165-8a9e-f972c7e6e925": {"instance_version": 1, "class_id": "com-snaplogic-snaps-binary-write", "class_build_tag": "UNKNOWN", "class_fqid": "com-snaplogic-snaps-binary-write_3-UNKNOWN", "instance_id": "d498a76f-97d2-4165-8a9e-f972c7e6e925", "property_map": {"info": {"notes": {"value": null}, "label": {"value": "Write Common Words"}}, "view_serial": 100, "account": {"account_ref": {"expression": false, "value": {}}}, "settings": {"createDir": {"value": false}, "retries": {"value": 0}, "execution_mode": {"value": "Execute only"}, "flushIntervalKb": {"value": -1}, "writeHeader": {"value": false}, "executable_during_suggest": {"value": false}, "filename": {"expression": false, "value": "twitter_common_words.json"}, "writeEmptyFile": {"value": false}, "UserPermissionsKey": {"value": []}, "validate": {"value": false}, "fileAction": {"value": "OVERWRITE"}}, "error": {"error0": {"label": {"value": "error0"}, "view_type": {"value": "document"}}, "error_behavior": {"value": "fail"}}, "input": {"input0": {"label": {"value": "input0"}, "view_type": {"value": "binary"}}}}, "class_version": 3, "instance_fqid": "d498a76f-97d2-4165-8a9e-f972c7e6e925_1"}, "ee55c99b-7f1f-46b5-a804-2c1676a80b95": {"instance_version": 1, "class_id": "com-snaplogic-snaps-mldatapreparation-shuffle", "class_build_tag": "snapsmrc508", "class_fqid": "com-snaplogic-snaps-mldatapreparation-shuffle_1-snapsmrc508", "instance_id": "ee55c99b-7f1f-46b5-a804-2c1676a80b95", "property_map": {"info": {"label": {"value": "Shuffle"}}, "view_serial": 100, "input": {"input0": {"label": {"value": "input0"}, "view_type": {"value": "document"}}}, "settings": {"applySeed": {"value": true}, "seed": {"value": 12345}, "maxMemPerc": {"value": 10}}, "error": {"error0": {"label": {"value": "error0"}, "view_type": {"value": "document"}}, "error_behavior": {"value": "fail"}}, "output": {"output0": {"label": {"value": "output0"}, "view_type": {"value": "document"}}}}, "class_version": 1, "instance_fqid": "ee55c99b-7f1f-46b5-a804-2c1676a80b95_1"}, "df546df3-4010-4c05-b9ff-49ef17d3c7e1": {"instance_id": "df546df3-4010-4c05-b9ff-49ef17d3c7e1", "class_id": "com-snaplogic-snaps-binary-compress", "class_build_tag": "snapsmrc508", "class_fqid": "com-snaplogic-snaps-binary-compress_1-snapsmrc508", "instance_version": 1, "property_map": {"info": {"label": {"value": "Compress"}}, "view_serial": 100, "input": {"input0": {"view_type": {"value": "binary"}, "label": {"value": "input0"}}}, "settings": {"scheme": {"value": "GZIP"}}, "error": {"error0": {"view_type": {"value": "binary"}, "label": {"value": "error0"}}, "error_behavior": {"value": "fail"}}, "output": {"output0": {"view_type": {"value": "binary"}, "label": {"value": "output0"}}}}, "class_version": 1, "instance_fqid": "df546df3-4010-4c05-b9ff-49ef17d3c7e1_1"}, "170bd40c-b33f-41c5-b6bf-dc71bf06232c": {"instance_version": 1, "class_id": "com-snaplogic-snaps-flow-copy", "class_build_tag": "UNKNOWN", "class_fqid": "com-snaplogic-snaps-flow-copy_1-UNKNOWN", "instance_id": "170bd40c-b33f-41c5-b6bf-dc71bf06232c", "property_map": {"info": {"label": {"value": "Copy"}}, "view_serial": 100, "input": {"input0": {"view_type": {"value": "document"}, "label": {"value": "input0"}}}, "settings": {}, "error": {"error0": {"view_type": {"value": "document"}, "label": {"value": "error0"}}, "error_behavior": {"value": "fail"}}, "output": {"output0": {"view_type": {"value": "document"}, "label": {"value": "output0"}}, "output1": {"view_type": {"value": "document"}, "label": {"value": "output1"}}}}, "class_version": 1, "instance_fqid": "170bd40c-b33f-41c5-b6bf-dc71bf06232c_1"}, "194a881c-820b-4cc1-bb32-98725498cbd9": {"instance_version": 1, "class_id": "com-snaplogic-snaps-mlnlp-tokenizer", "class_build_tag": "UNKNOWN", "class_fqid": "com-snaplogic-snaps-mlnlp-tokenizer_1-UNKNOWN", "instance_id": "194a881c-820b-4cc1-bb32-98725498cbd9", "property_map": {"info": {"notes": {"value": null}, "label": {"value": "Tokenizer"}}, "view_serial": 100, "input": {"input0": {"view_type": {"value": "document"}, "label": {"value": "input0"}}}, "settings": {"textFieldPath": {"value": "$text"}, "wordOnly": {"value": true}}, "error": {"error0": {"view_type": {"value": "document"}, "label": {"value": "error0"}}, "error_behavior": {"value": "fail"}}, "output": {"output0": {"view_type": {"value": "document"}, "label": {"value": "output0"}}}}, "class_version": 1, "instance_fqid": "194a881c-820b-4cc1-bb32-98725498cbd9_1"}, "17c7ad01-98e6-443d-ad79-35d53606f1f2": {"instance_version": 1, "class_id": "com-snaplogic-snaps-mlnlp-commonwords", "class_build_tag": "UNKNOWN", "class_fqid": "com-snaplogic-snaps-mlnlp-commonwords_1-UNKNOWN", "instance_id": "17c7ad01-98e6-443d-ad79-35d53606f1f2", "property_map": {"info": {"notes": {"value": null}, "label": {"value": "Common Words"}}, "view_serial": 100, "input": {"input0": {"view_type": {"value": "document"}, "label": {"value": "input0"}}}, "settings": {"tokensFieldPath": {"value": "$text"}, "wordsLimitExp": {"expression": false, "value": 200}}, "error": {"error0": {"view_type": {"value": "document"}, "label": {"value": "error0"}}, "error_behavior": {"value": "fail"}}, "output": {"output0": {"view_type": {"value": "document"}, "label": {"value": "output0"}}}}, "class_version": 1, "instance_fqid": "17c7ad01-98e6-443d-ad79-35d53606f1f2_1"}, "23f53275-dd8c-4333-9a9e-c65d1e0ac126": {"instance_id": "23f53275-dd8c-4333-9a9e-c65d1e0ac126", "class_id": "com-snaplogic-snaps-transform-datatransform", "class_build_tag": "snapsmrc508", "class_fqid": "com-snaplogic-snaps-transform-datatransform_4-snapsmrc508", "instance_version": 1, "property_map": {"info": {"notes": {"value": null}, "label": {"value": "Select Fields"}}, "view_serial": 100, "input": {"input0": {"view_type": {"value": "document"}, "label": {"value": "input0"}}}, "settings": {"nullSafeAccess": {"value": false}, "passThrough": {"value": false}, "execution_mode": {"value": "Validate & Execute"}, "transformations": {"value": {"mappingTable": {"value": [{"targetPath": {"value": "$sentiment"}, "expression": {"expression": true, "value": "$field001 == \"0\" ? \"negative\" : \"positive\""}}, {"targetPath": {"value": "$text"}, "expression": {"expression": true, "value": "$field006"}}]}, "mappingRoot": {"value": "$"}}}}, "error": {"error0": {"view_type": {"value": "document"}, "label": {"value": "error0"}}, "error_behavior": {"value": "ignore"}}, "output": {"output0": {"view_type": {"value": "document"}, "label": {"value": "output0"}}}}, "class_version": 4, "instance_fqid": "23f53275-dd8c-4333-9a9e-c65d1e0ac126_1"}, "03059123-6d45-48de-a1ee-a80c738cfa66": {"instance_version": 1, "class_id": "com-snaplogic-snaps-transform-csvparser", "class_build_tag": "snapsmrc508", "class_fqid": "com-snaplogic-snaps-transform-csvparser_3-snapsmrc508", "instance_id": "03059123-6d45-48de-a1ee-a80c738cfa66", "property_map": {"info": {"notes": {"value": null}, "label": {"value": "CSV Parser"}}, "view_serial": 100, "input": {"input0": {"view_type": {"value": "binary"}, "label": {"value": "input0"}}}, "settings": {"escapeChar": {"expression": false, "value": "\\"}, "quoteCharacter": {"expression": false, "value": "\""}, "containsHeader": {"value": false}, "charset": {"value": "Auto BOM detect"}, "skipLines": {"value": 0}, "delimiter": {"expression": false, "value": ","}, "errorPolicy": {"value": "Both"}, "columnList": {"value": []}, "validateHeaders": {"value": false}, "ignoreEmptyData": {"value": true}}, "error": {"error0": {"view_type": {"value": "document"}, "label": {"value": "error0"}}, "error_behavior": {"value": "ignore"}}, "output": {"output0": {"view_type": {"value": "document"}, "label": {"value": "output0"}}}}, "class_version": 3, "instance_fqid": "03059123-6d45-48de-a1ee-a80c738cfa66_1"}, "8a115143-9133-4b9e-9523-b4156fda5f55": {"instance_version": 1, "class_id": "com-snaplogic-snaps-flow-copy", "class_build_tag": "UNKNOWN", "class_fqid": "com-snaplogic-snaps-flow-copy_1-UNKNOWN", "instance_id": "8a115143-9133-4b9e-9523-b4156fda5f55", "property_map": {"info": {"label": {"value": "Copy1"}}, "view_serial": 100, "input": {"input0": {"view_type": {"value": "document"}, "label": {"value": "input0"}}}, "settings": {}, "error": {"error0": {"view_type": {"value": "document"}, "label": {"value": "error0"}}, "error_behavior": {"value": "fail"}}, "output": {"output0": {"view_type": {"value": "document"}, "label": {"value": "output0"}}, "output1": {"view_type": {"value": "document"}, "label": {"value": "output1"}}}}, "class_version": 1, "instance_fqid": "8a115143-9133-4b9e-9523-b4156fda5f55_1"}, "f1a38465-b5b6-4bf8-90d3-fb15f0936598": {"instance_version": 1, "class_id": "com-snaplogic-snaps-binary-unzip", "class_build_tag": "snapsmrc508", "class_fqid": "com-snaplogic-snaps-binary-unzip_1-snapsmrc508", "instance_id": "f1a38465-b5b6-4bf8-90d3-fb15f0936598", "property_map": {"info": {"notes": {"value": null}, "label": {"value": "ZipFile Read"}}, "view_serial": 100, "account": {"account_ref": {"expression": false, "value": {}}}, "settings": {"executeDuringPreview": {"value": true}, "preventURLEncoding": {"value": false}, "execution_mode": {"value": "Validate & Execute"}, "filePath": {"expression": false, "value": "https://raw.githubusercontent.com/JumpThanawut/dataset/master/twitter_sentiment_analysis/tweet_1600000.csv.zip"}}, "error": {"error0": {"view_type": {"value": "document"}, "label": {"value": "error0"}}, "error_behavior": {"value": "fail"}}, "output": {"output0": {"view_type": {"value": "binary"}, "label": {"value": "output0"}}}}, "class_version": 1, "instance_fqid": "f1a38465-b5b6-4bf8-90d3-fb15f0936598_1"}, "626af326-d04e-497f-bffd-160e0dbf32ec": {"instance_version": 1, "class_id": "com-snaplogic-snaps-transform-jsonformatter", "class_build_tag": "UNKNOWN", "class_fqid": "com-snaplogic-snaps-transform-jsonformatter_2-UNKNOWN", "instance_id": "626af326-d04e-497f-bffd-160e0dbf32ec", "property_map": {"info": {"notes": {"value": null}, "label": {"value": "JSON Formatter1"}}, "view_serial": 100, "input": {"input0": {"view_type": {"value": "document"}, "label": {"value": "input0"}}}, "settings": {"prettyPrint": {"value": false}, "contentPath": {"value": "$"}, "jsonLines": {"value": false}, "ignoreEmptyStream": {"value": false}, "header": {"value": [{"targetPath": {"value": null}, "expression": {"expression": true, "value": null}}]}, "formatSingleDocument": {"value": false}, "schema": {"expression": false, "value": null}}, "error": {"error0": {"view_type": {"value": "binary"}, "label": {"value": "error0"}}, "error_behavior": {"value": "fail"}}, "output": {"output0": {"view_type": {"value": "binary"}, "label": {"value": "output0"}}}}, "class_version": 2, "instance_fqid": "626af326-d04e-497f-bffd-160e0dbf32ec_1"}}, "path": "/SLPROD/ML_PROD/Twitter Sentiment Analysis/Twitter - 1 - Data preparation", "scrub_backup": [], "name": "Twitter - 1 - Data preparation", "class_id": "com-snaplogic-pipeline", "render_map": {"pan_x_num": 0, "default_snaplex": "598b808844ecb46159d7fcd1", "scale_ratio": 1, "detail_map": {"b835553f-e3dd-4f04-a566-a03f63edb9bd": {"grid_x_int": 8, "input": {"input1": {"dx_int": 0, "rot_int": 0, "dy_int": 1}}, "index": null, "recommendation_id": null, "source": "", "grid_y_int": 2, "rot_tail_int": 0, "error": {}, "output": {}, "rot_int": 0}, "63b278ee-0720-4ea6-a380-52b4d067ed10": {"grid_x_int": 8, "input": {}, "index": null, "recommendation_id": null, "source": "", "grid_y_int": 4, "rot_tail_int": 0, "error": {}, "output": {}, "rot_int": 0}, "ba60a5c4-647c-4b40-864a-8ad02389e531": {"grid_x_int": 12, "input": {}, "index": null, "recommendation_id": null, "source": "", "grid_y_int": 2, "rot_tail_int": 0, "error": {}, "output": {}, "rot_int": 0}, "d498a76f-97d2-4165-8a9e-f972c7e6e925": {"grid_x_int": 9, "input": {}, "index": null, "recommendation_id": null, "source": "", "grid_y_int": 4, "rot_tail_int": 0, "error": {}, "output": {}, "rot_int": 0}, "ee55c99b-7f1f-46b5-a804-2c1676a80b95": {"grid_x_int": 9, "input": {}, "index": null, "recommendation_id": null, "source": "snap catagory", "grid_y_int": 2, "rot_tail_int": 0, "error": {}, "output": {}, "rot_int": 0}, "df546df3-4010-4c05-b9ff-49ef17d3c7e1": {"grid_x_int": 11, "input": {}, "index": null, "recommendation_id": null, "source": "snap catagory", "grid_y_int": 2, "rot_tail_int": 0, "error": {}, "output": {}, "rot_int": 0}, "170bd40c-b33f-41c5-b6bf-dc71bf06232c": {"grid_x_int": 5, "input": {}, "index": null, "recommendation_id": null, "source": "", "grid_y_int": 2, "rot_tail_int": 0, "error": {}, "output": {"output1": {"dx_int": 0, "rot_int": 0, "dy_int": 1}}, "rot_int": 0}, "194a881c-820b-4cc1-bb32-98725498cbd9": {"grid_x_int": 4, "input": {}, "index": null, "recommendation_id": null, "source": "", "grid_y_int": 2, "rot_tail_int": 0, "error": {}, "output": {}, "rot_int": 0}, "17c7ad01-98e6-443d-ad79-35d53606f1f2": {"grid_x_int": 6, "input": {}, "index": null, "recommendation_id": null, "source": "", "grid_y_int": 3, "rot_tail_int": 0, "error": {}, "output": {}, "rot_int": 0}, "23f53275-dd8c-4333-9a9e-c65d1e0ac126": {"grid_x_int": 3, "input": {}, "index": 0, "recommendation_id": "61af3a30-f3a2-4f6c-b65d-2e46f22a62c3_0", "source": "iris placeholder", "grid_y_int": 2, "rot_tail_int": 0, "error": {}, "output": {}, "rot_int": 0}, "03059123-6d45-48de-a1ee-a80c738cfa66": {"grid_x_int": 2, "input": {}, "index": 1, "recommendation_id": "09cc6206-c31c-435d-816f-e585041c8015_0", "source": "iris panel", "grid_y_int": 2, "rot_tail_int": 0, "error": {}, "output": {}, "rot_int": 0}, "8a115143-9133-4b9e-9523-b4156fda5f55": {"grid_x_int": 7, "input": {}, "index": null, "recommendation_id": null, "source": "", "grid_y_int": 3, "rot_tail_int": 0, "error": {}, "output": {"output1": {"dx_int": 0, "rot_int": 0, "dy_int": 1}}, "rot_int": 0}, "f1a38465-b5b6-4bf8-90d3-fb15f0936598": {"grid_x_int": 1, "input": {}, "index": null, "recommendation_id": null, "source": "snap catagory", "grid_y_int": 2, "rot_tail_int": 0, "error": {}, "output": {}, "rot_int": 0}, "626af326-d04e-497f-bffd-160e0dbf32ec": {"grid_x_int": 10, "input": {}, "index": null, "recommendation_id": null, "source": "", "grid_y_int": 2, "rot_tail_int": 0, "error": {}, "output": {}, "rot_int": 0}}, "pan_y_num": 0}, "org_id": "58865f13a87b6d3e560d8374", "instance_id": "4da25f8f-8aa3-4bb5-b130-e741285446ff", "create_time": {"$date": 1558465531130}}, {"link_serial": 114, "scrub_version": "48f99abcdf450e7c49a04015355fb699f785e8cbf8288d894686a64c6caeddd1", "update_user_id": "jumpthanawut@snaplogic.com", "class_fqid": "com-snaplogic-pipeline_9", "target_runtime": "standard", "create_time": {"$date": 1558465520277}, "snode_id": "5ce44bf006ffd904f7264394", "org_snode_id": "58865f13a87b6d3e560d8374", "migrate_version": "master-5335", "create_user_id": "jumpthanawut@snaplogic.com", "project_snode_id": "5c6eed089b085f03f2f7f8ac", "property_map": {"info": {"notes": {"value": null}, "author": {"value": "jumpthanawut@snaplogic.com"}, "purpose": {"value": null}, "pipeline_doc_uri": {"value": null}, "label": {"value": "Twitter - 3 - API"}}, "input": {}, "settings": {"imports": {"value": []}, "error_param_table": {"value": []}, "error_pipeline": {"expression": false, "value": null}, "param_table": {"value": []}}, "instance_version": 3, "error": {"error_behavior": {"value": "none"}}, "output": {"bdbe98b7-c8d6-46fc-8060-cca880959a93_output0": {"label": {"value": "Prepare Response - output0"}, "view_type": {"value": "document"}}}}, "class_version": 9, "instance_fqid": "fe8205bd-59ed-4b8d-8a4e-4f008496bdbd_4", "link_map": {"link110": {"src_view_id": "output0", "dst_view_id": "input0", "src_id": "56f9017b-ead9-41f3-b988-7591fde67f0c", "dst_id": "e4038120-3804-4fcd-ab09-23bb41771eea"}, "link113": {"src_view_id": "output0", "dst_view_id": "input0", "src_id": "a20223a7-ed6c-4959-af71-25280f50b216", "dst_id": "8d8e5e1e-5956-47c8-9df8-44b4a6cc9dcd"}, "link108": {"src_view_id": "output0", "dst_view_id": "input0", "src_id": "959e4ec1-91c6-450f-9c82-a81de6bb9ea7", "dst_id": "2f62a37e-0622-4ee1-b48a-5319c82790cf"}, "link109": {"src_view_id": "output0", "dst_view_id": "input0", "src_id": "e4038120-3804-4fcd-ab09-23bb41771eea", "dst_id": "3e3cb12e-9509-46cb-bd90-8a85c50f2b54"}, "link106": {"src_view_id": "output0", "dst_view_id": "input0", "src_id": "7b22e281-572a-444c-b083-e1f4cfff2870", "dst_id": "6450d355-69eb-41e9-8e41-33454989e0c2"}, "link107": {"src_view_id": "output0", "dst_view_id": "input0", "src_id": "6450d355-69eb-41e9-8e41-33454989e0c2", "dst_id": "bdbe98b7-c8d6-46fc-8060-cca880959a93"}, "link104": {"src_view_id": "output0", "dst_view_id": "input0", "src_id": "2f62a37e-0622-4ee1-b48a-5319c82790cf", "dst_id": "7b22e281-572a-444c-b083-e1f4cfff2870"}, "link105": {"src_view_id": "output0", "dst_view_id": "input1", "src_id": "be762071-f7bb-4578-98ad-e3b916a4317a", "dst_id": "7b22e281-572a-444c-b083-e1f4cfff2870"}, "link102": {"src_view_id": "output0", "dst_view_id": "input0", "src_id": "8d8e5e1e-5956-47c8-9df8-44b4a6cc9dcd", "dst_id": "959e4ec1-91c6-450f-9c82-a81de6bb9ea7"}, "link103": {"src_view_id": "output0", "dst_view_id": "input0", "src_id": "c0d60c21-6eb9-4938-a1c4-8df46a8257c6", "dst_id": "be762071-f7bb-4578-98ad-e3b916a4317a"}, "link100": {"src_view_id": "output0", "dst_view_id": "input1", "src_id": "3e3cb12e-9509-46cb-bd90-8a85c50f2b54", "dst_id": "6450d355-69eb-41e9-8e41-33454989e0c2"}}, "update_time": {"$date": 1558536215864}, "partition_snode_id": "5badcb6e4dd5a80021536f2d", "path_id": "/SLPROD/ML_PROD/Twitter Sentiment Analysis", "snap_map": {"959e4ec1-91c6-450f-9c82-a81de6bb9ea7": {"instance_id": "959e4ec1-91c6-450f-9c82-a81de6bb9ea7", "class_id": "com-snaplogic-snaps-transform-datatransform", "class_build_tag": "snapsmrc480", "class_fqid": "com-snaplogic-snaps-transform-datatransform_4-snapsmrc480", "instance_version": 1, "property_map": {"info": {"notes": {"value": null}, "label": {"value": "Extract Params"}}, "view_serial": 100, "input": {"input0": {"view_type": {"value": "document"}, "label": {"value": "input0"}}}, "settings": {"nullSafeAccess": {"value": false}, "passThrough": {"value": false}, "transformations": {"value": {"mappingTable": {"value": [{"targetPath": {"value": "$text"}, "expression": {"expression": true, "value": "$content[\"params\"][\"text\"]"}}]}, "mappingRoot": {"value": "$"}}}}, "error": {"error0": {"view_type": {"value": "document"}, "label": {"value": "error0"}}, "error_behavior": {"value": "ignore"}}, "output": {"output0": {"view_type": {"value": "document"}, "label": {"value": "output0"}}}}, "class_version": 4, "instance_fqid": "959e4ec1-91c6-450f-9c82-a81de6bb9ea7_1"}, "56f9017b-ead9-41f3-b988-7591fde67f0c": {"instance_id": "56f9017b-ead9-41f3-b988-7591fde67f0c", "class_id": "com-snaplogic-snaps-binary-simpleread", "class_build_tag": "snapsmrc480", "class_fqid": "com-snaplogic-snaps-binary-simpleread_1-snapsmrc480", "instance_version": 2, "property_map": {"info": {"notes": {"value": null}, "label": {"value": "Read Model"}}, "view_serial": 100, "account": {"account_ref": {"expression": false, "value": {}}}, "settings": {"retryInterval": {"expression": false, "value": 1}, "retries": {"expression": false, "value": 0}, "execution_mode": {"value": "Validate & Execute"}, "filePath": {"expression": false, "value": "twitter_model.json"}, "enableStaging": {"value": false}, "executeDuringPreview": {"value": true}, "preventURLEncoding": {"value": false}}, "error": {"error0": {"view_type": {"value": "document"}, "label": {"value": "error0"}}, "error_behavior": {"value": "fail"}}, "output": {"output0": {"view_type": {"value": "binary"}, "label": {"value": "output0"}}}}, "class_version": 1, "instance_fqid": "56f9017b-ead9-41f3-b988-7591fde67f0c_2"}, "8d8e5e1e-5956-47c8-9df8-44b4a6cc9dcd": {"instance_id": "8d8e5e1e-5956-47c8-9df8-44b4a6cc9dcd", "class_id": "com-snaplogic-snaps-flow-filter", "class_build_tag": "snapsrc1003", "class_fqid": "com-snaplogic-snaps-flow-filter_2-snapsrc1003", "instance_version": 1, "property_map": {"info": {"notes": {"value": null}, "label": {"value": "Filter"}}, "view_serial": 100, "input": {"input0": {"label": {"value": "input0"}, "view_type": {"value": "document"}}}, "settings": {"filterExpression": {"expression": true, "value": "$content[\"token\"] == \"snaplogic_ml_showcase\""}, "execution_mode": {"value": "Validate & Execute"}}, "error": {"error0": {"label": {"value": "error0"}, "view_type": {"value": "document"}}, "error_behavior": {"value": "ignore"}}, "output": {"output0": {"label": {"value": "output0"}, "view_type": {"value": "document"}}}}, "class_version": 2, "instance_fqid": "8d8e5e1e-5956-47c8-9df8-44b4a6cc9dcd_1"}, "c0d60c21-6eb9-4938-a1c4-8df46a8257c6": {"instance_id": "c0d60c21-6eb9-4938-a1c4-8df46a8257c6", "class_id": "com-snaplogic-snaps-binary-simpleread", "class_build_tag": "snapsmrc500", "class_fqid": "com-snaplogic-snaps-binary-simpleread_1-snapsmrc500", "instance_version": 2, "property_map": {"info": {"notes": {"value": null}, "label": {"value": "Read Common Words"}}, "view_serial": 100, "account": {"account_ref": {"expression": false, "value": {}}}, "settings": {"retryInterval": {"expression": false, "value": 1}, "retries": {"expression": false, "value": 0}, "execution_mode": {"value": "Validate & Execute"}, "filePath": {"expression": false, "value": "twitter_common_words.json"}, "enableStaging": {"value": false}, "executeDuringPreview": {"value": true}, "preventURLEncoding": {"value": false}}, "error": {"error0": {"label": {"value": "error0"}, "view_type": {"value": "document"}}, "error_behavior": {"value": "fail"}}, "output": {"output0": {"label": {"value": "output0"}, "view_type": {"value": "binary"}}}}, "class_version": 1, "instance_fqid": "c0d60c21-6eb9-4938-a1c4-8df46a8257c6_2"}, "7b22e281-572a-444c-b083-e1f4cfff2870": {"instance_id": "7b22e281-572a-444c-b083-e1f4cfff2870", "class_id": "com-snaplogic-snaps-mlnlp-bagofwords", "class_build_tag": "mldev20181117", "class_fqid": "com-snaplogic-snaps-mlnlp-bagofwords_1-mldev20181117", "instance_version": 1, "property_map": {"info": {"notes": {"value": null}, "label": {"value": "Bag of Words"}}, "view_serial": 100, "input": {"input0": {"label": {"value": "Data"}, "view_type": {"value": "document"}}, "input1": {"label": {"value": "Common Words"}, "view_type": {"value": "document"}}}, "settings": {"tokensFieldPath": {"value": "$text"}}, "error": {"error0": {"label": {"value": "error0"}, "view_type": {"value": "document"}}, "error_behavior": {"value": "fail"}}, "output": {"output0": {"label": {"value": "output0"}, "view_type": {"value": "document"}}}}, "class_version": 1, "instance_fqid": "7b22e281-572a-444c-b083-e1f4cfff2870_1"}, "a20223a7-ed6c-4959-af71-25280f50b216": {"instance_version": 2, "class_id": "com-snaplogic-snaps-transform-jsongenerator", "class_build_tag": "snapsmrc515", "class_fqid": "com-snaplogic-snaps-transform-jsongenerator_2-snapsmrc515", "instance_id": "a20223a7-ed6c-4959-af71-25280f50b216", "property_map": {"info": {"notes": {"value": null}, "label": {"value": "Sample Request"}}, "view_serial": 100, "error": {"error0": {"label": {"value": "error0"}, "view_type": {"value": "document"}}, "error_behavior": {"value": "fail"}}, "output": {"output0": {"label": {"value": "output0"}, "view_type": {"value": "document"}}}, "settings": {"execution_mode": {"value": "Validate & Execute"}, "editable_content": {"value": "[{\"content\":{\"token\":\"snaplogic_ml_showcase\",\"params\":{\"text\":\"The weather is nice today.\"}}}]"}, "arrayElementsAsDocuments": {"value": true}}}, "class_version": 2, "instance_fqid": "a20223a7-ed6c-4959-af71-25280f50b216_2"}, "bdbe98b7-c8d6-46fc-8060-cca880959a93": {"instance_id": "bdbe98b7-c8d6-46fc-8060-cca880959a93", "class_id": "com-snaplogic-snaps-transform-datatransform", "class_build_tag": "snapsmrc382", "class_fqid": "com-snaplogic-snaps-transform-datatransform_4-snapsmrc382", "instance_version": 1, "property_map": {"info": {"notes": {"value": null}, "label": {"value": "Prepare Response"}}, "view_serial": 100, "input": {"input0": {"view_type": {"value": "document"}, "label": {"value": "input0"}}}, "settings": {"nullSafeAccess": {"value": true}, "passThrough": {"value": false}, "execution_mode": {"value": "Validate & Execute"}, "transformations": {"value": {"mappingTable": {"value": [{"expression": {"expression": false, "value": "*"}, "targetPath": {"value": "$[\"Access-Control-Allow-Origin\"]"}}, {"expression": {"expression": false, "value": "application/octet-stream"}, "targetPath": {"value": "$[\"content-type\"]"}}, {"expression": {"expression": false, "value": "Authorization, Content-Type"}, "targetPath": {"value": "$[\"Access-Control-Allow-Headers\"]"}}, {"expression": {"expression": true, "value": "$"}, "targetPath": {"value": "$content"}}]}, "mappingRoot": {"value": "$"}}}}, "error": {"error0": {"view_type": {"value": "document"}, "label": {"value": "error0"}}, "error_behavior": {"value": "fail"}}, "output": {"output0": {"view_type": {"value": "document"}, "label": {"value": "output0"}}}}, "class_version": 4, "instance_fqid": "bdbe98b7-c8d6-46fc-8060-cca880959a93_1"}, "3e3cb12e-9509-46cb-bd90-8a85c50f2b54": {"instance_id": "3e3cb12e-9509-46cb-bd90-8a85c50f2b54", "class_id": "com-snaplogic-snaps-transform-jsonparser", "class_build_tag": "snapsmrc480", "class_fqid": "com-snaplogic-snaps-transform-jsonparser_1-snapsmrc480", "instance_version": 1, "property_map": {"info": {"notes": {"value": null}, "label": {"value": "JSON Parser1"}}, "view_serial": 100, "input": {"input0": {"view_type": {"value": "binary"}, "label": {"value": "input0"}}}, "settings": {"jsonLines": {"value": false}, "allowNonStandardJson": {"value": true}, "arrayElementsAsDocuments": {"value": true}, "jsonFilterPath": {"value": null}}, "error": {"error0": {"view_type": {"value": "document"}, "label": {"value": "error0"}}, "error_behavior": {"value": "fail"}}, "output": {"output0": {"view_type": {"value": "document"}, "label": {"value": "output0"}}}}, "class_version": 1, "instance_fqid": "3e3cb12e-9509-46cb-bd90-8a85c50f2b54_1"}, "2f62a37e-0622-4ee1-b48a-5319c82790cf": {"instance_id": "2f62a37e-0622-4ee1-b48a-5319c82790cf", "class_id": "com-snaplogic-snaps-mlnlp-tokenizer", "class_build_tag": "mldev20181117", "class_fqid": "com-snaplogic-snaps-mlnlp-tokenizer_1-mldev20181117", "instance_version": 1, "property_map": {"info": {"notes": {"value": null}, "label": {"value": "Tokenizer"}}, "view_serial": 100, "input": {"input0": {"view_type": {"value": "document"}, "label": {"value": "input0"}}}, "settings": {"textFieldPath": {"value": "$text"}, "wordOnly": {"value": true}}, "error": {"error0": {"view_type": {"value": "document"}, "label": {"value": "error0"}}, "error_behavior": {"value": "fail"}}, "output": {"output0": {"view_type": {"value": "document"}, "label": {"value": "output0"}}}}, "class_version": 1, "instance_fqid": "2f62a37e-0622-4ee1-b48a-5319c82790cf_1"}, "be762071-f7bb-4578-98ad-e3b916a4317a": {"instance_id": "be762071-f7bb-4578-98ad-e3b916a4317a", "class_id": "com-snaplogic-snaps-transform-jsonparser", "class_build_tag": "snapsmrc500", "class_fqid": "com-snaplogic-snaps-transform-jsonparser_1-snapsmrc500", "instance_version": 1, "property_map": {"info": {"label": {"value": "JSON Parser"}}, "view_serial": 100, "input": {"input0": {"label": {"value": "input0"}, "view_type": {"value": "binary"}}}, "settings": {"allowNonStandardJson": {"value": true}, "arrayElementsAsDocuments": {"value": true}, "jsonFilterPath": {"value": ""}}, "error": {"error0": {"label": {"value": "error0"}, "view_type": {"value": "document"}}, "error_behavior": {"value": "fail"}}, "output": {"output0": {"label": {"value": "output0"}, "view_type": {"value": "document"}}}}, "class_version": 1, "instance_fqid": "be762071-f7bb-4578-98ad-e3b916a4317a_1"}, "6450d355-69eb-41e9-8e41-33454989e0c2": {"instance_id": "6450d355-69eb-41e9-8e41-33454989e0c2", "class_id": "com-snaplogic-snaps-mlcore-predictorclassification", "class_build_tag": "snapsmrc500", "class_fqid": "com-snaplogic-snaps-mlcore-predictorclassification_1-snapsmrc500", "instance_version": 1, "property_map": {"info": {"notes": {"value": null}, "label": {"value": "Predictor (Classification)"}}, "view_serial": 100, "input": {"input0": {"label": {"value": "Data"}, "view_type": {"value": "document"}}, "input1": {"label": {"value": "Model"}, "view_type": {"value": "document"}}}, "settings": {"showConf": {"value": true}, "maxOutputExp": {"expression": false, "value": 1}}, "error": {"error0": {"label": {"value": "error0"}, "view_type": {"value": "document"}}, "error_behavior": {"value": "fail"}}, "output": {"output0": {"label": {"value": "Prediction"}, "view_type": {"value": "document"}}}}, "class_version": 1, "instance_fqid": "6450d355-69eb-41e9-8e41-33454989e0c2_1"}, "e4038120-3804-4fcd-ab09-23bb41771eea": {"instance_version": 1, "class_id": "com-snaplogic-snaps-binary-decompress", "class_build_tag": "snapsmrc508", "class_fqid": "com-snaplogic-snaps-binary-decompress_1-snapsmrc508", "instance_id": "e4038120-3804-4fcd-ab09-23bb41771eea", "property_map": {"info": {"label": {"value": "Decompress"}}, "view_serial": 100, "input": {"input0": {"label": {"value": "input0"}, "view_type": {"value": "binary"}}}, "settings": {"scheme": {"value": "AUTO"}}, "error": {"error0": {"label": {"value": "error0"}, "view_type": {"value": "binary"}}, "error_behavior": {"value": "fail"}}, "output": {"output0": {"label": {"value": "output0"}, "view_type": {"value": "binary"}}}}, "class_version": 1, "instance_fqid": "e4038120-3804-4fcd-ab09-23bb41771eea_1"}}, "path": "/SLPROD/ML_PROD/Twitter Sentiment Analysis/Twitter - 3 - API", "instance_version": 4, "scrub_backup": [], "name": "Twitter - 3 - API", "class_id": "com-snaplogic-pipeline", "render_map": {"pan_x_num": 0, "default_snaplex": "598b808844ecb46159d7fcd1", "scale_ratio": 1, "detail_map": {"959e4ec1-91c6-450f-9c82-a81de6bb9ea7": {"grid_x_int": 3, "input": {}, "index": null, "recommendation_id": null, "source": "", "grid_y_int": 4, "rot_tail_int": 0, "error": {}, "output": {}, "rot_int": 0}, "56f9017b-ead9-41f3-b988-7591fde67f0c": {"grid_x_int": 6, "index": null, "recommendation_id": null, "source": "", "grid_y_int": 5, "rot_tail_int": 0, "rot_int": 0}, "8d8e5e1e-5956-47c8-9df8-44b4a6cc9dcd": {"grid_x_int": 2, "input": {}, "index": null, "recommendation_id": null, "source": "", "grid_y_int": 4, "rot_tail_int": 0, "error": {}, "output": {}, "rot_int": 0}, "c0d60c21-6eb9-4938-a1c4-8df46a8257c6": {"grid_x_int": 3, "index": null, "recommendation_id": null, "source": "", "grid_y_int": 5, "rot_tail_int": 0, "rot_int": 0}, "7b22e281-572a-444c-b083-e1f4cfff2870": {"grid_x_int": 5, "input": {"input1": {"dx_int": 0, "rot_int": 0, "dy_int": 1}}, "index": null, "recommendation_id": null, "source": "", "grid_y_int": 4, "rot_tail_int": 0, "error": {}, "output": {}, "rot_int": 0}, "a20223a7-ed6c-4959-af71-25280f50b216": {"grid_x_int": 1, "index": null, "recommendation_id": null, "source": "snap catagory", "grid_y_int": 4, "rot_tail_int": 0, "rot_int": 0}, "bdbe98b7-c8d6-46fc-8060-cca880959a93": {"grid_x_int": 10, "input": {}, "index": null, "recommendation_id": null, "source": "", "grid_y_int": 4, "rot_tail_int": 0, "error": {}, "output": {}, "rot_int": 0}, "3e3cb12e-9509-46cb-bd90-8a85c50f2b54": {"grid_x_int": 8, "input": {}, "index": null, "recommendation_id": null, "source": "", "grid_y_int": 5, "rot_tail_int": 0, "error": {}, "output": {}, "rot_int": 0}, "2f62a37e-0622-4ee1-b48a-5319c82790cf": {"grid_x_int": 4, "input": {}, "index": null, "recommendation_id": null, "source": "", "grid_y_int": 4, "rot_tail_int": 0, "error": {}, "output": {}, "rot_int": 0}, "be762071-f7bb-4578-98ad-e3b916a4317a": {"grid_x_int": 4, "input": {}, "index": null, "recommendation_id": null, "source": "", "grid_y_int": 5, "rot_tail_int": 0, "error": {}, "output": {}, "rot_int": 0}, "6450d355-69eb-41e9-8e41-33454989e0c2": {"grid_x_int": 9, "input": {"input1": {"dx_int": 0, "rot_int": 0, "dy_int": 1}}, "index": null, "recommendation_id": null, "source": "", "grid_y_int": 4, "rot_tail_int": 0, "error": {}, "output": {}, "rot_int": 0}, "e4038120-3804-4fcd-ab09-23bb41771eea": {"grid_x_int": 7, "input": {}, "index": null, "recommendation_id": null, "source": "snap catagory", "grid_y_int": 5, "rot_tail_int": 0, "error": {}, "output": {}, "rot_int": 0}}, "pan_y_num": 0}, "org_id": "58865f13a87b6d3e560d8374", "instance_id": "fe8205bd-59ed-4b8d-8a4e-4f008496bdbd"}, {"note": "", "runs": 0, "job_id": "5ce55ff47f05b4001b890fc6", "parameters": {"execution_timeout": null, "user_id": "jumpthanawut@snaplogic.com", "runtime_path_id": "SLPROD/rt/cloud/iris", "debug_until": 0, "max_failures": 10, "llfeed_token": null, "include_external_urls": true, "job_type": "standard", "max_in_flight": 200, "pipeline_snode_id": "5ce44bf006ffd904f7264394", "job_alias": "", "watchdog": {"instances": 1, "per": "PLEX"}, "enabled": false, "notification": {"recipients": null}}, "trigger_type": "ScheduleTrigger", "all_llfeed_run_urls": ["https://pa23sl-fmsv-ux01762.fsac5.snaplogic.net:8084/api/1/rest/feed-master/queue/SLPROD/ML_PROD/Twitter%20Sentiment%20Analysis/Twitter%20-%203%20-%20API%20Task"], "schedule": {"always_on": true}, "job_class": "PipelineJob", "path_id": "SLPROD/ML_PROD/Twitter Sentiment Analysis", "trace_path": "SLPROD/ML_PROD/Twitter Sentiment Analysis/Twitter - 3 - API Task.trace", "trigger": {"always_on": true}, "snode_id": "5ce55fff2cf68b06f5d0a1d0", "llfeed_run_urls": ["https://prod-slprod-fm.snaplogic.io/api/1/rest/feed-master/queue/SLPROD/ML_PROD/Twitter%20Sentiment%20Analysis/Twitter%20-%203%20-%20API%20Task"], "job_name": "Twitter - 3 - API Task"}, {"class_id": "com-snaplogic-file", "file_name": "twitter_leaderboard.csv", "file_path": "/SLPROD/ML_PROD/Twitter Sentiment Analysis/twitter_leaderboard.csv", "snode_id": "5ce54c522cf68b05d31aa90d"}, {"class_id": "com-snaplogic-file", "file_name": "twitter_common_words.json", "file_path": "/SLPROD/ML_PROD/Twitter Sentiment Analysis/twitter_common_words.json", "snode_id": "5ce54c5be8ac6e0635329b8e"}, {"class_id": "com-snaplogic-file", "file_name": "twitter_model.json", "file_path": "/SLPROD/ML_PROD/Twitter Sentiment Analysis/twitter_model.json", "snode_id": "5ce54c6e17f60c06c2843c09"}, {"class_id": "com-snaplogic-file", "file_name": "twitter_automl_report.html", "file_path": "/SLPROD/ML_PROD/Twitter Sentiment Analysis/twitter_automl_report.html", "snode_id": "5ce54d5ab034060670a33f1a"}, {"class_id": "com-snaplogic-file", "file_name": "twitter_processed.json", "file_path": "/SLPROD/ML_PROD/Twitter Sentiment Analysis/twitter_processed.json", "snode_id": "5ce5501457bb7c061018f5df"}], "class_version": 1, "partition_shared": [], "shared": [], "path": "SLPROD/ML_PROD/Twitter Sentiment Analysis", "metadata": {"pattern": false}}